{"cameraMode":{"drawMode":0,"name":"Shaded","section":"Shading Mode"},"sceneLighting":true,"audioPlay":false,"sceneViewState":{"showFog":true,"showMaterialUpdate":false,"showSkybox":true,"showFlares":true,"showImageEffects":true,"showParticleSystems":true,"showVisualEffectGraphs":true},"in2DMode":false,"pivot":{"x":-2.3285133838653566,"y":3.2840418815612795,"z":-1.1798526048660279},"rotation":{"x":0.5300564169883728,"y":0.35161858797073367,"z":-0.25604721903800967,"w":0.7279069423675537},"size":9.164299011230469,"orthographic":false}